date,headline,body,team,author
Jul 20 2026,"Two Hughes, One Trophy Case: A House Divided Ahead of Draft Day","Every league has a rivalry it doesn't talk about enough, and in the MFGA, it's a family one. Liam Hughes built Mount Olympus Yogurt Dressing into the league's quiet standard-bearer, an East division title in 2025 and a runner-up finish the year before it — steady, unglamorous, effective. Marty Hughes built something else entirely with Beer: an 11-2 team in 2024 that still somehow finished 8th, followed by a 4-9 collapse in 2025, the fantasy equivalent of a rollercoaster with no seatbelt. But that's not where this story begins — it begins at whatever holiday table these two sit at together, where one Hughes has a division banner and the other has an explanation. Some seasons change everything, and for the Hughes household, every season seems to change something. Draft day on August 1st will put both of their names on the board within minutes of each other, a coincidence that stopped being a coincidence years ago. And in the end, the league remembers who's actually winning at Thanksgiving — even if the standings say something else.",,Valentina Rojas
Jul 20 2026,Power Rankings Nobody Asked For: The Worst Team Names in the MFGA,"It's time for the only power rankings that matter: worst team names in the MFGA, a category that is somehow more competitive than the actual standings. VancouverPantiesDeJarome remains undefeated in the ""wait, what?"" division, and I refuse to explain it because I still don't understand it myself. Doob's Agency sounds like a guy who'll get you concert tickets but also might be a substitute teacher, and honestly both feel true. I ♥ Gingers gets bonus points for the emoji doing more character work than most fantasy rosters. Chicago Zestiest Man is out here just vibing, undefeated in the category of ""sentence that means nothing,"" and I respect the commitment. Oh, and The Watermark's in this league too, I guess — sure, fine, moving on. Sources close to the situation (me, I'm the source) confirm none of these owners will rename their teams no matter how much I beg. T-BONE'S COMPLETELY SERIOUS AND DEFINITELY ACCURATE PREDICTION: VancouverPantiesDeJarome wins the ""name that ages worst"" award again in 2026, and no, I will not be taking questions.",,"Tommy ""T-Bone"" Mancini"
Jul 20 2026,From Worst to First: Fort Bragg Proved Records Are for Losers,"Fort Bragg Confederates finished in 14th place in 2024 at 4-9. This would have been dead last in the current 14-team format. One year later, Harrison Bragg's club is hoisting the MFGA trophy. That's not luck. That's a franchise that got hungry after getting embarrassed. The Watermark went 11-2 in the regular season and still watched someone else win it all; you don't win championships with a soft schedule, you win them when it matters. Mark my words: Bragg's crew didn't stumble into this, and they're not going to back into a title defense either. Pakistan Bombers, meanwhile, have gone from 2023 champs to back-to-back non-playoff seasons; that's a Monday morning quarterback situation if I've ever seen one. The draft room on August 1st will separate the pretenders from the contenders. And that's not a prediction; that's a promise.",,"Rick ""The Hammer"" Dalton"
Jul 20 2026,11-2 and Home Early: What The Watermark's Collapse Really Tells Us,"Let's talk about The Watermark's 2025 season, because the record lies even when the model doesn't: 11-2, best mark in the league, +17.8 differential, and a final finish of 5th after the playoff bracket ate them alive. That's a textbook case of ceiling versus floor, great regular season efficiency, poor postseason variance capture. Fort Bragg Confederates, by contrast, posted a modest 9-4 and still walked away champions. Could this have been a fluke? Pakistan Bombers have now posted back-to-back seasons in the 5-8 range after their 2023 title, a two-year regression that the model projects continuing unless there's a real roster overhaul at the draft table. Mount Olympus Yogurt Dressing has been schedule-adjusted excellent in back-to-back years, 2nd in 2024, East champs in 2025, which is the most quietly sustainable profile in the league. The data is clear: this league rewards playoff-week performance far more than full-season dominance. Maya's Model says: The Watermark has a 61.4% chance of a top-3 regular season finish again, but only a 22.8% chance of converting it into a title. Regression is coming, and it's bringing friends.",,Maya Chen
Jul 20 2026,1-12 and Invisible: Nabers In Paris and the Gingers Nobody's Talking About,"Somebody tell Stephen Cerquone that 1-12 is not a typo, because Nabers In Paris just posted the worst season in this league's recorded history?! Are we really supposed to believe that's just ""bad luck,"" or is this a full-on identity crisis?! Meanwhile I ♥ Gingers quietly went 9-4 and NOBODY is talking about them — Carter Cole, I see you, and I don't know why this league is sleeping! You want me to believe a 9-4 team just gets skipped over in every conversation while everybody's busy crying about The Watermark?! That's not a team getting disrespected, that's a robbery in broad daylight! Cerquone better show up to this draft with something to prove, because the group chat has not let this go. SHOWTIME'S SPICY TAKE: Nabers In Paris either goes full teardown or gets embarrassed again, there is no in-between. AND I SAID WHAT I SAID.",,"DeShawn ""Showtime"" Harris"
Jul 20 2026,The Hardest Repeat in Fantasy: Amon Ra Dawgin's Title Defense Autopsy,"Let's talk about the hardest thing to do in this league: defending a title. Amon ra dawgin won it all in 2024 as Coopa troopas, then followed it up with a 5-8 season that didn't sniff the playoffs. The question isn't whether Andrew Grossman got complacent — the question is whether a championship roster built for one specific year can simply be run back as-is. If the strategy last year was ""the roster is good enough,"" this draft needs to be a correction, not a continuation. If it was bad injury luck or a soft landing spot, the fix is smaller than people think. Let's look at this from both sides: over-drafting for name recognition from a title run is a common trap, but so is panic-trading a core that was one break away from repeating. Claire's Verdict: Amon ra dawgin's draft-day approach on August 1st will tell us more about their self-awareness than their talent evaluation. The draft is a marathon — act accordingly.",,Claire Westbrook
Jul 20 2026,DIVISIONS SET TO COLLIDE: West Prepares to Challenge Eastern Dominance,"After watching the East sweep the top spots last year—with Englewood 🥷s falling just short in 2nd place—the West Division is out for total redemption in 2026. Heavyweights like Pluto Shraazinatorz, The Watermark, and Doob's Agency are rumored to be revamping their draft boards to ensure the West reclaims league supremacy. Tensions are already boiling over across divisional lines, setting up an explosive Week 1 where early cross-divisional statement wins could define the entire playoff race.",,
Jul 20 2026,"The Watermark's Great Collapse: Best Record, Empty Trophy Case","Nobody in MFGA history has ever posted an 11-2 regular season and had less to show for it than Preston Schneider's Watermark, who face-planted in the very first round of the playoffs against Pluto Shraazinatorz, 107.32 to 95.7. This is a roster loaded for war — Jahmyr Gibbs anchoring as a keeper, Drake Maye slinging it, De'Von Achane and DeVonta Smith rounding out a nightmare matchup on paper. Instead, The Watermark limped through the consolation ladder and watched lesser teams hoist trophies. Garrett Wilson now sits on injured reserve heading into 2026, adding fresh doubt to an already cursed résumé. Book it now: this is either the best redemption arc in the league or the most talented team that just can't get out of its own way.",,
Jul 20 2026,"Nabers In Paris Is a Ghost Town, and the Irony Is Brutal","Stephen Cerquone's Nabers In Paris authored the single worst season in league history last year — a 1-12 disaster with a league-worst 1,022 points that would make even the Chicago Zestiest Man blush. Adding insult to injury, the team's namesake, Malik Nabers, currently sits on injured reserve heading into the 2026 slate, which feels almost too poetic for a franchise that has been nothing but pain since inception. A 12-game losing streak isn't a slump, it's an identity. Unless Jared Goff and TreVeyon Henderson stage a miracle turnaround, this team may be headed for a second consecutive last-place finish. Paris was supposed to be romantic — instead, this roster is a horror film.",,
Jul 20 2026,The Amon-Ra Identity Crisis Nobody Saw Coming,"Somebody explain to Andrew Grossman why his team, literally named Amon Ra Dawgin, does not roster Amon-Ra St. Brown — because Marty Hughes' team, simply called Beer, is the one holding St. Brown alongside Lamar Jackson and Nick Chubb on the bench. That is the kind of cosmic betrayal that starts blood feuds in fantasy leagues, and MFGA should be bracing for a grudge match when these two franchises meet on the schedule. Meanwhile, Carter Cole's I ♥ Gingers roster is quietly stacked with a poetic gut-punch of its own, rostering Jordan Love, Derrick Henry, Ja'Marr Chase and Breece Hall. Sleeper alert: that Gingers squad went 9-4 a year ago and has the receiving corps to make noise deep into the winter. Rivalries in this league aren't drawn on a map, they're drawn in irony.",,
